{"weak_acc": 0.6255020080321285, "strong_acc": 0.6265060240963856, "transfer_acc_xent": 0.6255020080321285, "transfer_acc_logconf": 0.6094377510040161}